fwd_rev,reads
GGACTCCT+TAGACCTA,8560
GGACTCCT+TAGACCTA,8560
TAGGCATG+TGAACCTT,42670
TAGGCATG+TGAACCTT,42670
TAGGCATG+TGCTAAGT,33577
TAGGCATG+TGCTAAGT,33577
TAGGCATG+TGTTCTCT,55196
TAGGCATG+TGTTCTCT,55196
TAGGCATG+TAAGACAC,18450
TAGGCATG+TAAGACAC,18450
TAGGCATG+CTAATCGA,46489
TAGGCATG+CTAATCGA,46489
TAGGCATG+CTAGAACA,53739
TAGGCATG+CTAGAACA,53739
TAGGCATG+TAAGTTCC,19259
TAGGCATG+TAAGTTCC,19259
TAGGCATG+TAGACCTA,50410
TAGGCATG+TAGACCTA,50410
CTCTCTAC+TGAACCTT,47449
CTCTCTAC+TGAACCTT,47449
CCAGTGTA+CTAGATAG,7
CCAGTGTA+CTAGATAG,7
CTCTCTAC+TGCTAAGT,44819
CTCTCTAC+TGCTAAGT,44819
CTCTCTAC+TGTTCTCT,2090
CTCTCTAC+TGTTCTCT,2090
CTCTCTAC+TAAGACAC,29366
CTCTCTAC+TAAGACAC,29366
CTCTCTAC+CTAATCGA,55030
CTCTCTAC+CTAATCGA,55030
CTCTCTAC+CTAGAACA,17184
CTCTCTAC+CTAGAACA,17184
CTCTCTAC+TAAGTTCC,23073
CTCTCTAC+TAAGTTCC,23073
CTCTCTAC+TAGACCTA,2127
CTCTCTAC+TAGACCTA,2127
CGAGGCTG+TGAACCTT,41777
CGAGGCTG+TGAACCTT,41777
CGAGGCTG+TGCTAAGT,43822
CGAGGCTG+TGCTAAGT,43822
CGAGGCTG+TGTTCTCT,12929
CGAGGCTG+TGTTCTCT,12929
CCAGTGTA+GCTCGAGA,7
CCAGTGTA+GCTCGAGA,7
CGAGGCTG+TAAGACAC,38044
CGAGGCTG+TAAGACAC,38044
CGAGGCTG+CTAATCGA,34218
CGAGGCTG+CTAATCGA,34218
CGAGGCTG+CTAGAACA,10645
CGAGGCTG+CTAGAACA,10645
CGAGGCTG+TAAGTTCC,15154
CGAGGCTG+TAAGTTCC,15154
CGAGGCTG+TAGACCTA,29
CGAGGCTG+TAGACCTA,29
AAGAGGCA+TGAACCTT,52304
AAGAGGCA+TGAACCTT,52304
AAGAGGCA+TGCTAAGT,484
AAGAGGCA+TGCTAAGT,484
AAGAGGCA+TGTTCTCT,23
AAGAGGCA+TGTTCTCT,23
AAGAGGCA+TAAGACAC,40
AAGAGGCA+TAAGACAC,40
AAGAGGCA+CTAATCGA,16
AAGAGGCA+CTAATCGA,16
CCAGTGTA+AGCTCGCT,4
CCAGTGTA+AGCTCGCT,4
AAGAGGCA+CTAGAACA,18
AAGAGGCA+CTAGAACA,18
AAGAGGCA+TAAGTTCC,37
AAGAGGCA+TAAGTTCC,37
AAGAGGCA+TAGACCTA,24
AAGAGGCA+TAGACCTA,24
GTAGAGGA+TGAACCTT,19
GTAGAGGA+TGAACCTT,19
GTAGAGGA+TGCTAAGT,15
GTAGAGGA+TGCTAAGT,15
GTAGAGGA+TGTTCTCT,14
GTAGAGGA+TGTTCTCT,14
GTAGAGGA+TAAGACAC,33
GTAGAGGA+TAAGACAC,33
GTAGAGGA+CTAATCGA,12
GTAGAGGA+CTAATCGA,12
GTAGAGGA+CTAGAACA,12
GTAGAGGA+CTAGAACA,12
GTAGAGGA+TAAGTTCC,26
GTAGAGGA+TAAGTTCC,26
CCAGTGTA+TCTAGAGA,10
CCAGTGTA+TCTAGAGA,10
GTAGAGGA+TAGACCTA,18
GTAGAGGA+TAGACCTA,18
GCTCATGA+TGAACCTT,26
GCTCATGA+TGAACCTT,26
GCTCATGA+TGCTAAGT,18
GCTCATGA+TGCTAAGT,18
GCTCATGA+TGTTCTCT,20
GCTCATGA+TGTTCTCT,20
GCTCATGA+TAAGACAC,26
GCTCATGA+TAAGACAC,26
GCTCATGA+CTAATCGA,26
GCTCATGA+CTAATCGA,26
GCTCATGA+CTAGAACA,16
GCTCATGA+CTAGAACA,16
GCTCATGA+TAAGTTCC,35
GCTCATGA+TAAGTTCC,35
GCTCATGA+TAGACCTA,16
GCTCATGA+TAGACCTA,16
ATCTCAGG+TGAACCTT,1
ATCTCAGG+TGAACCTT,1
CCAGTGTA+CTCGATCG,12
CCAGTGTA+CTCGATCG,12
ATCTCAGG+TGCTAAGT,1
ATCTCAGG+TGCTAAGT,1
ATCTCAGG+TGTTCTCT,1
ATCTCAGG+TGTTCTCT,1
ATCTCAGG+TAAGACAC,1
ATCTCAGG+TAAGACAC,1
ATCTCAGG+CTAGAACA,1
ATCTCAGG+CTAGAACA,1
ACTCGCTA+TGAACCTT,1
ACTCGCTA+TGAACCTT,1
ACTCGCTA+TGCTAAGT,3
ACTCGCTA+TGCTAAGT,3
ACTCGCTA+TGTTCTCT,8
ACTCGCTA+TGTTCTCT,8
CCTCGTTC+GAGCTCTC,6
CCTCGTTC+GAGCTCTC,6
ACTCGCTA+TAAGACAC,2
ACTCGCTA+TAAGACAC,2
ACTCGCTA+CTAATCGA,7
ACTCGCTA+CTAATCGA,7
ACTCGCTA+CTAGAACA,5
ACTCGCTA+CTAGAACA,5
ACTCGCTA+TAAGTTCC,1
ACTCGCTA+TAAGTTCC,1
ACTCGCTA+TAGACCTA,5
ACTCGCTA+TAGACCTA,5
GGAGCTAC+TGAACCTT,48722
GGAGCTAC+TGAACCTT,48722
GGAGCTAC+TGCTAAGT,53822
GGAGCTAC+TGCTAAGT,53822
GGAGCTAC+TGTTCTCT,49047
GGAGCTAC+TGTTCTCT,49047
GGAGCTAC+TAAGACAC,40041
GGAGCTAC+TAAGACAC,40041
GGAGCTAC+CTAATCGA,26867
GGAGCTAC+CTAATCGA,26867
CCTCGTTC+CGAGCGAT,7
CCTCGTTC+CGAGCGAT,7
GGAGCTAC+CTAGAACA,9070
GGAGCTAC+CTAGAACA,9070
GGAGCTAC+TAAGTTCC,30898
GGAGCTAC+TAAGTTCC,30898
GGAGCTAC+TAGACCTA,45687
GGAGCTAC+TAGACCTA,45687
GCGTAGTA+TGAACCTT,1292
GCGTAGTA+TGAACCTT,1292
GCGTAGTA+TGCTAAGT,45313
GCGTAGTA+TGCTAAGT,45313
GCGTAGTA+TGTTCTCT,39973
GCGTAGTA+TGTTCTCT,39973
GCGTAGTA+TAAGACAC,23463
GCGTAGTA+TAAGACAC,23463
GCGTAGTA+CTAATCGA,47445
GCGTAGTA+CTAATCGA,47445
GCGTAGTA+CTAGAACA,44110
GCGTAGTA+CTAGAACA,44110
GCGTAGTA+TAAGTTCC,31509
GCGTAGTA+TAAGTTCC,31509
CCTCGTTC+TAGCGAGC,10
CCTCGTTC+TAGCGAGC,10
GCGTAGTA+TAGACCTA,44527
GCGTAGTA+TAGACCTA,44527
CGGAGCCT+TGAACCTT,67568
CGGAGCCT+TGAACCTT,67568
CGGAGCCT+TGCTAAGT,78833
CGGAGCCT+TGCTAAGT,78833
CGGAGCCT+TGTTCTCT,44251
CGGAGCCT+TGTTCTCT,44251
CGGAGCCT+TAAGACAC,42164
CGGAGCCT+TAAGACAC,42164
CGGAGCCT+CTAATCGA,71749
CGGAGCCT+CTAATCGA,71749
CGGAGCCT+CTAGAACA,47045
CGGAGCCT+CTAGAACA,47045
CGGAGCCT+TAAGTTCC,36539
CGGAGCCT+TAAGTTCC,36539
CGGAGCCT+TAGACCTA,58269
CGGAGCCT+TAGACCTA,58269
TACGCTGC+TGAACCTT,35441
TACGCTGC+TGAACCTT,35441
CCTCGTTC+CTAGATAG,10
CCTCGTTC+CTAGATAG,10
TACGCTGC+TGCTAAGT,35005
TACGCTGC+TGCTAAGT,35005
TACGCTGC+TGTTCTCT,53281
TACGCTGC+TGTTCTCT,53281
TACGCTGC+TAAGACAC,38737
TACGCTGC+TAAGACAC,38737
TACGCTGC+CTAATCGA,48732
TACGCTGC+CTAATCGA,48732
TACGCTGC+CTAGAACA,51873
TACGCTGC+CTAGAACA,51873
TACGCTGC+TAAGTTCC,31074
TACGCTGC+TAAGTTCC,31074
TACGCTGC+TAGACCTA,51458
TACGCTGC+TAGACCTA,51458
ATGCGCAG+TGAACCTT,49573
ATGCGCAG+TGAACCTT,49573
ATGCGCAG+TGCTAAGT,46581
ATGCGCAG+TGCTAAGT,46581
ATGCGCAG+TGTTCTCT,30459
ATGCGCAG+TGTTCTCT,30459
CCTCGTTC+GCTCGAGA,14
CCTCGTTC+GCTCGAGA,14
ATGCGCAG+TAAGACAC,27067
ATGCGCAG+TAAGACAC,27067
ATGCGCAG+CTAATCGA,43644
ATGCGCAG+CTAATCGA,43644
ATGCGCAG+CTAGAACA,51942
ATGCGCAG+CTAGAACA,51942
ATGCGCAG+TAAGTTCC,27947
ATGCGCAG+TAAGTTCC,27947
ATGCGCAG+TAGACCTA,59501
ATGCGCAG+TAGACCTA,59501
TAGCGCTC+TGAACCTT,62989
TAGCGCTC+TGAACCTT,62989
TAGCGCTC+TGCTAAGT,52378
TAGCGCTC+TGCTAAGT,52378
TAGCGCTC+TGTTCTCT,65856
TAGCGCTC+TGTTCTCT,65856
TAGCGCTC+TAAGACAC,45813
TAGCGCTC+TAAGACAC,45813
TAGCGCTC+CTAATCGA,63251
TAGCGCTC+CTAATCGA,63251
CCTCGTTC+AGCTCGCT,6
CCTCGTTC+AGCTCGCT,6
TAGCGCTC+CTAGAACA,62082
TAGCGCTC+CTAGAACA,62082
TAGCGCTC+TAAGTTCC,33892
TAGCGCTC+TAAGTTCC,33892
TAGCGCTC+TAGACCTA,64508
TAGCGCTC+TAGACCTA,64508
ACTGAGCG+TGAACCTT,62244
ACTGAGCG+TGAACCTT,62244
ACTGAGCG+TGCTAAGT,3859
ACTGAGCG+TGCTAAGT,3859
ACTGAGCG+TGTTCTCT,62554
ACTGAGCG+TGTTCTCT,62554
ACTGAGCG+TAAGACAC,31022
ACTGAGCG+TAAGACAC,31022
ACTGAGCG+CTAATCGA,61965
ACTGAGCG+CTAATCGA,61965
ACTGAGCG+CTAGAACA,56296
ACTGAGCG+CTAGAACA,56296
ACTGAGCG+TAAGTTCC,42380
ACTGAGCG+TAAGTTCC,42380
CCTCGTTC+TCTAGAGA,4
CCTCGTTC+TCTAGAGA,4
ACTGAGCG+TAGACCTA,70794
ACTGAGCG+TAGACCTA,70794
CCTAAGAC+TGAACCTT,57045
CCTAAGAC+TGAACCTT,57045
CCTAAGAC+TGCTAAGT,58724
CCTAAGAC+TGCTAAGT,58724
CCTAAGAC+TGTTCTCT,52048
CCTAAGAC+TGTTCTCT,52048
CCTAAGAC+TAAGACAC,1908
CCTAAGAC+TAAGACAC,1908
CCTAAGAC+CTAATCGA,49591
CCTAAGAC+CTAATCGA,49591
CCTAAGAC+CTAGAACA,66883
CCTAAGAC+CTAGAACA,66883
CCTAAGAC+TAAGTTCC,24579
CCTAAGAC+TAAGTTCC,24579
CCTAAGAC+TAGACCTA,20
CCTAAGAC+TAGACCTA,20
CGATCAGT+TGAACCTT,65406
CGATCAGT+TGAACCTT,65406
CCTCGTTC+CTCGATCG,8
CCTCGTTC+CTCGATCG,8
CGATCAGT+TGCTAAGT,4053
CGATCAGT+TGCTAAGT,4053
CGATCAGT+TGTTCTCT,3
CGATCAGT+TGTTCTCT,3
CGATCAGT+TAAGACAC,10
CGATCAGT+TAAGACAC,10
CGATCAGT+CTAATCGA,1
CGATCAGT+CTAATCGA,1
CGATCAGT+CTAGAACA,3
CGATCAGT+CTAGAACA,3
CGATCAGT+TAAGTTCC,6
CGATCAGT+TAAGTTCC,6
CGATCAGT+TAGACCTA,389
CGATCAGT+TAGACCTA,389
TGCAGCTA+TGAACCTT,1
TGCAGCTA+TGAACCTT,1
TGAGTCAC+GAGCTCTC,5
TGAGTCAC+GAGCTCTC,5
TCGACGTC+TGAACCTT,3
TCGACGTC+TGAACCTT,3
TCGACGTC+TGCTAAGT,2
TCGACGTC+TGCTAAGT,2
TCGACGTC+TGTTCTCT,1
TCGACGTC+TGTTCTCT,1
TCGACGTC+TAAGACAC,2
TCGACGTC+TAAGACAC,2
TCGACGTC+CTAATCGA,1
TCGACGTC+CTAATCGA,1
TGAGTCAC+CGAGCGAT,14
TGAGTCAC+CGAGCGAT,14
TCGACGTC+CTAGAACA,2
TCGACGTC+CTAGAACA,2
TCGACGTC+TAGACCTA,1
TCGACGTC+TAGACCTA,1
TGAGTCAC+TAGCGAGC,10
TGAGTCAC+TAGCGAGC,10
TGAGTCAC+CTAGATAG,10
TGAGTCAC+CTAGATAG,10
TGAGTCAC+GCTCGAGA,14
TGAGTCAC+GCTCGAGA,14
TGAGTCAC+AGCTCGCT,13
TGAGTCAC+AGCTCGCT,13
TGAGTCAC+TCTAGAGA,11
TGAGTCAC+TCTAGAGA,11
TGAGTCAC+CTCGATCG,13
TGAGTCAC+CTCGATCG,13
GACTTGGT+GAGCTCTC,8
GACTTGGT+GAGCTCTC,8
GACTTGGT+CGAGCGAT,5
GACTTGGT+CGAGCGAT,5
GACTTGGT+TAGCGAGC,9
GACTTGGT+TAGCGAGC,9
GACTTGGT+CTAGATAG,11
GACTTGGT+CTAGATAG,11
GACTTGGT+GCTCGAGA,10
GACTTGGT+GCTCGAGA,10
GACTTGGT+AGCTCGCT,12
GACTTGGT+AGCTCGCT,12
GACTTGGT+TCTAGAGA,13
GACTTGGT+TCTAGAGA,13
GACTTGGT+CTCGATCG,3
GACTTGGT+CTCGATCG,3
TACACGAT+GAGCTCTC,12
TACACGAT+GAGCTCTC,12
TACACGAT+CGAGCGAT,8
TACACGAT+CGAGCGAT,8
TACACGAT+TAGCGAGC,13
TACACGAT+TAGCGAGC,13
TACACGAT+CTAGATAG,6
TACACGAT+CTAGATAG,6
TACACGAT+GCTCGAGA,10
TACACGAT+GCTCGAGA,10
TACACGAT+AGCTCGCT,9
TACACGAT+AGCTCGCT,9
TACACGAT+TCTAGAGA,8
TACACGAT+TCTAGAGA,8
TACACGAT+CTCGATCG,7
TACACGAT+CTCGATCG,7
GCACACAC+GAGCTCTC,4
GCACACAC+GAGCTCTC,4
GCACACAC+CGAGCGAT,8
GCACACAC+CGAGCGAT,8
GCACACAC+TAGCGAGC,9
GCACACAC+TAGCGAGC,9
GCACACAC+CTAGATAG,7
GCACACAC+CTAGATAG,7
GCACACAC+GCTCGAGA,4
GCACACAC+GCTCGAGA,4
GCACACAC+AGCTCGCT,7
GCACACAC+AGCTCGCT,7
GCACACAC+TCTAGAGA,13
GCACACAC+TCTAGAGA,13
GCACACAC+CTCGATCG,8
GCACACAC+CTCGATCG,8
CACGCCAT+GAGCTCTC,7
CACGCCAT+GAGCTCTC,7
CACGCCAT+CGAGCGAT,8
CACGCCAT+CGAGCGAT,8
CACGCCAT+TAGCGAGC,10
CACGCCAT+TAGCGAGC,10
CACGCCAT+CTAGATAG,11
CACGCCAT+CTAGATAG,11
CACGCCAT+GCTCGAGA,10
CACGCCAT+GCTCGAGA,10
CACGCCAT+AGCTCGCT,14
CACGCCAT+AGCTCGCT,14
CACGCCAT+TCTAGAGA,11
CACGCCAT+TCTAGAGA,11
CACGCCAT+CTCGATCG,8
CACGCCAT+CTCGATCG,8
CAGGCGTA+GAGCTCTC,4
CAGGCGTA+GAGCTCTC,4
CAGGCGTA+CGAGCGAT,7
CAGGCGTA+CGAGCGAT,7
CAGGCGTA+TAGCGAGC,10
CAGGCGTA+TAGCGAGC,10
CAGGCGTA+CTAGATAG,6
CAGGCGTA+CTAGATAG,6
CAGGCGTA+GCTCGAGA,10
CAGGCGTA+GCTCGAGA,10
CAGGCGTA+AGCTCGCT,9
CAGGCGTA+AGCTCGCT,9
CAGGCGTA+TCTAGAGA,6
CAGGCGTA+TCTAGAGA,6
AATCAGTC+TCTAGAGA,2
AATCAGTC+TCTAGAGA,2
CAGGCGTA+CTCGATCG,16
CAGGCGTA+CTCGATCG,16
GGATCGCA+GAGCTCTC,5
GGATCGCA+GAGCTCTC,5
GGATCGCA+CGAGCGAT,14
GGATCGCA+CGAGCGAT,14
GGATCGCA+TAGCGAGC,11
GGATCGCA+TAGCGAGC,11
GGATCGCA+CTAGATAG,17
GGATCGCA+CTAGATAG,17
GGATCGCA+GCTCGAGA,9
GGATCGCA+GCTCGAGA,9
GGATCGCA+AGCTCGCT,5
GGATCGCA+AGCTCGCT,5
GGATCGCA+TCTAGAGA,6
GGATCGCA+TCTAGAGA,6
GGATCGCA+CTCGATCG,10
GGATCGCA+CTCGATCG,10
GCTGATGA+GAGCTCTC,12
GCTGATGA+GAGCTCTC,12
AATCAGTC+CTCGATCG,3
AATCAGTC+CTCGATCG,3
GCTGATGA+CGAGCGAT,15
GCTGATGA+CGAGCGAT,15
GCTGATGA+TAGCGAGC,13
GCTGATGA+TAGCGAGC,13
GCTGATGA+CTAGATAG,9
GCTGATGA+CTAGATAG,9
GCTGATGA+GCTCGAGA,9
GCTGATGA+GCTCGAGA,9
GCTGATGA+AGCTCGCT,71
GCTGATGA+AGCTCGCT,71
GCTGATGA+TCTAGAGA,13
GCTGATGA+TCTAGAGA,13
GCTGATGA+CTCGATCG,39
GCTGATGA+CTCGATCG,39
AGCTGTTG+GAGCTCTC,8
AGCTGTTG+GAGCTCTC,8
AGCTGTTG+CGAGCGAT,10
AGCTGTTG+CGAGCGAT,10
AGCTGTTG+TAGCGAGC,17
AGCTGTTG+TAGCGAGC,17
AGCTGTTG+CTAGATAG,9
AGCTGTTG+CTAGATAG,9
AGCTGTTG+GCTCGAGA,8
AGCTGTTG+GCTCGAGA,8
AGCTGTTG+AGCTCGCT,16
AGCTGTTG+AGCTCGCT,16
AGCTGTTG+TCTAGAGA,32
AGCTGTTG+TCTAGAGA,32
AGCTGTTG+CTCGATCG,53
AGCTGTTG+CTCGATCG,53
GGATGGTG+CGAGCGAT,3
GGATGGTG+CGAGCGAT,3
GGATGGTG+TAGCGAGC,12
GGATGGTG+TAGCGAGC,12
GGATGGTG+CTAGATAG,1
GGATGGTG+CTAGATAG,1
GGATGGTG+TCTAGAGA,10
GGATGGTG+TCTAGAGA,10
GGATGGTG+CTCGATCG,30
GGATGGTG+CTCGATCG,30
GGAGACAA+CACTACGC,49728
GGAGACAA+CACTACGC,49728
GGAGACAA+TGCAGTCC,5
GGAGACAA+TGCAGTCC,5
GGAGACAA+TCGACATC,6
GGAGACAA+TCGACATC,6
GGAGACAA+GAACACTT,2
GGAGACAA+GAACACTT,2
GGAGACAA+TTGGGTAC,3
GGAGACAA+TTGGGTAC,3
GGAGACAA+AAGGCGCT,14
GGAGACAA+AAGGCGCT,14
AATCAGTC+CACTACGC,33
AATCAGTC+CACTACGC,33
AATCAGTC+TGCAGTCC,46639
AATCAGTC+TGCAGTCC,46639
AATCAGTC+ACCATAGC,8
AATCAGTC+ACCATAGC,8
AATCAGTC+TCGACATC,3
AATCAGTC+TCGACATC,3
AATCAGTC+GAACACTT,2
AATCAGTC+GAACACTT,2
AATCAGTC+GAGCCATC,2
AATCAGTC+GAGCCATC,2
AATCAGTC+TTGGGTAC,3
AATCAGTC+TTGGGTAC,3
AATCAGTC+AAGGCGCT,12
AATCAGTC+AAGGCGCT,12
AATCCGTA+CACTACGC,14
AATCCGTA+CACTACGC,14
AATCCGTA+TGCAGTCC,55
AATCCGTA+TGCAGTCC,55
AATCCGTA+ACCATAGC,48857
AATCCGTA+ACCATAGC,48857
AATCCGTA+TCGACATC,3
AATCCGTA+TCGACATC,3
AATCCGTA+GAACACTT,1
AATCCGTA+GAACACTT,1
AATCCGTA+GAGCCATC,1
AATCCGTA+GAGCCATC,1
AATCCGTA+TTGGGTAC,2
AATCCGTA+TTGGGTAC,2
AATCCGTA+AAGGCGCT,1
AATCCGTA+AAGGCGCT,1
ACACCTGG+CACTACGC,13
ACACCTGG+CACTACGC,13
ACACCTGG+TGCAGTCC,52
ACACCTGG+TGCAGTCC,52
ACACCTGG+ACCATAGC,50913
ACACCTGG+ACCATAGC,50913
ACACCTGG+TCGACATC,5
ACACCTGG+TCGACATC,5
ACACCTGG+GAACACTT,1
ACACCTGG+GAACACTT,1
ACACCTGG+GAGCCATC,1
ACACCTGG+GAGCCATC,1
ACACCTGG+TTGGGTAC,2
ACACCTGG+TTGGGTAC,2
ACACCTGG+AAGGCGCT,1
ACACCTGG+AAGGCGCT,1
TATCGTTG+CACTACGC,5
TATCGTTG+CACTACGC,5
TATCGTTG+TGCAGTCC,8
TATCGTTG+TGCAGTCC,8
TATCGTTG+ACCATAGC,11
TATCGTTG+ACCATAGC,11
TATCGTTG+TCGACATC,31842
TATCGTTG+TCGACATC,31842
TATCGTTG+GAGCCATC,3
TATCGTTG+GAGCCATC,3
TATCGTTG+TTGGGTAC,1
TATCGTTG+TTGGGTAC,1
TTACTGTG+CACTACGC,2
TTACTGTG+CACTACGC,2
TTACTGTG+TGCAGTCC,7
TTACTGTG+TGCAGTCC,7
TTACTGTG+ACCATAGC,20
TTACTGTG+ACCATAGC,20
TTACTGTG+TCGACATC,42680
TTACTGTG+TCGACATC,42680
TTACTGTG+GAACACTT,2
TTACTGTG+GAACACTT,2
TTACTGTG+GAGCCATC,1
TTACTGTG+GAGCCATC,1
AATCCGTA+TCTAGAGA,1
AATCCGTA+TCTAGAGA,1
TTACTGTG+AAGGCGCT,2
TTACTGTG+AAGGCGCT,2
AGGCTACA+TGCAGTCC,2
AGGCTACA+TGCAGTCC,2
AGGCTACA+ACCATAGC,1
AGGCTACA+ACCATAGC,1
AGGCTACA+TCGACATC,17
AGGCTACA+TCGACATC,17
AGGCTACA+GAACACTT,41870
AGGCTACA+GAACACTT,41870
AGGCTACA+GAGCCATC,3
AGGCTACA+GAGCCATC,3
AGGCTACA+AAGGCGCT,1
AGGCTACA+AAGGCGCT,1
CTAACCTC+CACTACGC,3
CTAACCTC+CACTACGC,3
AATCCGTA+CTCGATCG,2
AATCCGTA+CTCGATCG,2
CTAACCTC+TGCAGTCC,6
CTAACCTC+TGCAGTCC,6
CTAACCTC+ACCATAGC,2
CTAACCTC+ACCATAGC,2
CTAACCTC+TCGACATC,20
CTAACCTC+TCGACATC,20
CTAACCTC+GAACACTT,43156
CTAACCTC+GAACACTT,43156
CTAACCTC+GAGCCATC,5
CTAACCTC+GAGCCATC,5
CTAACCTC+TTGGGTAC,1
CTAACCTC+TTGGGTAC,1
CTAACCTC+AAGGCGCT,1
CTAACCTC+AAGGCGCT,1
GAACCAAA+CACTACGC,3
GAACCAAA+CACTACGC,3
GAACCAAA+TGCAGTCC,2
GAACCAAA+TGCAGTCC,2
GAACCAAA+ACCATAGC,2
GAACCAAA+ACCATAGC,2
ACACCTGG+GAGCTCTC,1
ACACCTGG+GAGCTCTC,1
GAACCAAA+TCGACATC,2
GAACCAAA+TCGACATC,2
GAACCAAA+GAACACTT,9
GAACCAAA+GAACACTT,9
GAACCAAA+GAGCCATC,50638
GAACCAAA+GAGCCATC,50638
GAACCAAA+TTGGGTAC,1
GAACCAAA+TTGGGTAC,1
GAACCAAA+AAGGCGCT,2
GAACCAAA+AAGGCGCT,2
GTATGCGC+CACTACGC,14
GTATGCGC+CACTACGC,14
GTATGCGC+TGCAGTCC,15
GTATGCGC+TGCAGTCC,15
GTATGCGC+ACCATAGC,22
GTATGCGC+ACCATAGC,22
GTATGCGC+TCGACATC,12
GTATGCGC+TCGACATC,12
GTATGCGC+GAACACTT,19
GTATGCGC+GAACACTT,19
ACACCTGG+CGAGCGAT,3
ACACCTGG+CGAGCGAT,3
GTATGCGC+GAGCCATC,48012
GTATGCGC+GAGCCATC,48012
GTATGCGC+TTGGGTAC,18
GTATGCGC+TTGGGTAC,18
GTATGCGC+AAGGCGCT,13
GTATGCGC+AAGGCGCT,13
GTACATAC+CACTACGC,16
GTACATAC+CACTACGC,16
GTACATAC+TGCAGTCC,10
GTACATAC+TGCAGTCC,10
GTACATAC+ACCATAGC,2
GTACATAC+ACCATAGC,2
GTACATAC+TCGACATC,9
GTACATAC+TCGACATC,9
GTACATAC+GAACACTT,21
GTACATAC+GAACACTT,21
GTACATAC+GAGCCATC,16
GTACATAC+GAGCCATC,16
GTACATAC+TTGGGTAC,47336
GTACATAC+TTGGGTAC,47336
GTACATAC+AAGGCGCT,15
GTACATAC+AAGGCGCT,15
TCCGACAC+CACTACGC,14
TCCGACAC+CACTACGC,14
TCCGACAC+TGCAGTCC,12
TCCGACAC+TGCAGTCC,12
TCCGACAC+ACCATAGC,11
TCCGACAC+ACCATAGC,11
TCCGACAC+TCGACATC,17
TCCGACAC+TCGACATC,17
TCCGACAC+GAACACTT,14
TCCGACAC+GAACACTT,14
TCCGACAC+GAGCCATC,1
TCCGACAC+GAGCCATC,1
TCCGACAC+TTGGGTAC,11
TCCGACAC+TTGGGTAC,11
TCCGACAC+AAGGCGCT,49986
TCCGACAC+AAGGCGCT,49986
CCTCGTTC+TGCAGTCC,1
CCTCGTTC+TGCAGTCC,1
TGAGTCAC+TCGACATC,1
TGAGTCAC+TCGACATC,1
ACACCTGG+AGCTCGCT,1
ACACCTGG+AGCTCGCT,1
GACTTGGT+CACTACGC,3
GACTTGGT+CACTACGC,3
GACTTGGT+TGCAGTCC,1
GACTTGGT+TGCAGTCC,1
ACACCTGG+TCTAGAGA,1
ACACCTGG+TCTAGAGA,1
GACTTGGT+AAGGCGCT,22
GACTTGGT+AAGGCGCT,22
TACACGAT+TTGGGTAC,1
TACACGAT+TTGGGTAC,1
TACACGAT+AAGGCGCT,1
TACACGAT+AAGGCGCT,1
ACACCTGG+CTCGATCG,4
ACACCTGG+CTCGATCG,4
GCACACAC+GAACACTT,1
GCACACAC+GAACACTT,1
CACGCCAT+CACTACGC,1
CACGCCAT+CACTACGC,1
CACGCCAT+TGCAGTCC,2
CACGCCAT+TGCAGTCC,2
TATCGTTG+GAGCTCTC,1
TATCGTTG+GAGCTCTC,1
CACGCCAT+GAGCCATC,1
CACGCCAT+GAGCCATC,1
CACGCCAT+TTGGGTAC,1
CACGCCAT+TTGGGTAC,1
CAGGCGTA+CACTACGC,2
CAGGCGTA+CACTACGC,2
CAGGCGTA+GAACACTT,1
CAGGCGTA+GAACACTT,1
CAGGCGTA+GAGCCATC,1
CAGGCGTA+GAGCCATC,1
CAGGCGTA+TTGGGTAC,2
CAGGCGTA+TTGGGTAC,2
CAGGCGTA+AAGGCGCT,1
CAGGCGTA+AAGGCGCT,1
GGATCGCA+CACTACGC,4
GGATCGCA+CACTACGC,4
GGATCGCA+TGCAGTCC,3
GGATCGCA+TGCAGTCC,3
GGATCGCA+ACCATAGC,2
GGATCGCA+ACCATAGC,2
GGATCGCA+TCGACATC,2
GGATCGCA+TCGACATC,2
GGATCGCA+GAACACTT,3
GGATCGCA+GAACACTT,3
GGATCGCA+GAGCCATC,2
GGATCGCA+GAGCCATC,2
GGATCGCA+TTGGGTAC,3
GGATCGCA+TTGGGTAC,3
GCTGATGA+CACTACGC,71954
GCTGATGA+CACTACGC,71954
GCTGATGA+TGCAGTCC,73280
GCTGATGA+TGCAGTCC,73280
GCTGATGA+ACCATAGC,69920
GCTGATGA+ACCATAGC,69920
GCTGATGA+TCGACATC,69717
GCTGATGA+TCGACATC,69717
GCTGATGA+GAACACTT,80285
GCTGATGA+GAACACTT,80285
GCTGATGA+GAGCCATC,67976
GCTGATGA+GAGCCATC,67976
GCTGATGA+TTGGGTAC,66829
GCTGATGA+TTGGGTAC,66829
GCTGATGA+AAGGCGCT,75067
GCTGATGA+AAGGCGCT,75067
AGCTGTTG+CACTACGC,76527
AGCTGTTG+CACTACGC,76527
AGCTGTTG+TGCAGTCC,80538
AGCTGTTG+TGCAGTCC,80538
AGCTGTTG+ACCATAGC,100926
AGCTGTTG+ACCATAGC,100926
AGCTGTTG+TCGACATC,70549
AGCTGTTG+TCGACATC,70549
AGCTGTTG+GAACACTT,77581
AGCTGTTG+GAACACTT,77581
AGCTGTTG+GAGCCATC,67280
AGCTGTTG+GAGCCATC,67280
AGCTGTTG+TTGGGTAC,76752
AGCTGTTG+TTGGGTAC,76752
AGCTGTTG+AAGGCGCT,75399
AGCTGTTG+AAGGCGCT,75399
GGATGGTG+CACTACGC,56743
GGATGGTG+CACTACGC,56743
GGATGGTG+TGCAGTCC,56957
GGATGGTG+TGCAGTCC,56957
GGATGGTG+ACCATAGC,195
GGATGGTG+ACCATAGC,195
GGATGGTG+TCGACATC,1
GGATGGTG+TCGACATC,1
GGATGGTG+GAACACTT,1
GGATGGTG+GAACACTT,1
GGATGGTG+GAGCCATC,1
GGATGGTG+GAGCCATC,1
GGATGGTG+AAGGCGCT,1
GGATGGTG+AAGGCGCT,1
GGAGACAA+GCGATATA,44366
GGAGACAA+GCGATATA,44366
GGAGACAA+AGTCGTGC,4
GGAGACAA+AGTCGTGC,4
GGAGACAA+CAAATTCG,1
GGAGACAA+CAAATTCG,1
AATCAGTC+GCGATATA,11
AATCAGTC+GCGATATA,11
AATCAGTC+AGTCGTGC,72386
AATCAGTC+AGTCGTGC,72386
AATCAGTC+GTATCTGC,5
AATCAGTC+GTATCTGC,5
AATCAGTC+CGAGGGAA,1
AATCAGTC+CGAGGGAA,1
AATCCGTA+GCGATATA,4
AATCCGTA+GCGATATA,4
AATCCGTA+AGTCGTGC,18
AATCCGTA+AGTCGTGC,18
AATCCGTA+GTATCTGC,44030
AATCCGTA+GTATCTGC,44030
AATCCGTA+GCATATGC,1
AATCCGTA+GCATATGC,1
ACACCTGG+GCGATATA,6
ACACCTGG+GCGATATA,6
ACACCTGG+AGTCGTGC,20
ACACCTGG+AGTCGTGC,20
ACACCTGG+GTATCTGC,56429
ACACCTGG+GTATCTGC,56429
ACACCTGG+CAAATTCG,1
ACACCTGG+CAAATTCG,1
ACACCTGG+AGATTGAC,1
ACACCTGG+AGATTGAC,1
ACACCTGG+AGTTACGA,1
ACACCTGG+AGTTACGA,1
TATCGTTG+GTATCTGC,3
TATCGTTG+GTATCTGC,3
TTACTGTG+GAGCTCTC,1
TTACTGTG+GAGCTCTC,1
TATCGTTG+CGAGGGAA,47070
TATCGTTG+CGAGGGAA,47070
TATCGTTG+AGATTGAC,2
TATCGTTG+AGATTGAC,2
TTACTGTG+GTATCTGC,1
TTACTGTG+GTATCTGC,1
TTACTGTG+CGAGGGAA,45070
TTACTGTG+CGAGGGAA,45070
AGGCTACA+CGAGGGAA,3
AGGCTACA+CGAGGGAA,3
AGGCTACA+CAAATTCG,47047
AGGCTACA+CAAATTCG,47047
AGGCTACA+AGATTGAC,2
AGGCTACA+AGATTGAC,2
AGGCTACA+AGTTACGA,1
AGGCTACA+AGTTACGA,1
CTAACCTC+GCGATATA,1
CTAACCTC+GCGATATA,1
CTAACCTC+CGAGGGAA,3
CTAACCTC+CGAGGGAA,3
CTAACCTC+CAAATTCG,54596
CTAACCTC+CAAATTCG,54596
CTAACCTC+AGATTGAC,6
CTAACCTC+AGATTGAC,6
GAACCAAA+AGTCGTGC,1
GAACCAAA+AGTCGTGC,1
GAACCAAA+CGAGGGAA,1
GAACCAAA+CGAGGGAA,1
GAACCAAA+CAAATTCG,2
GAACCAAA+CAAATTCG,2
GAACCAAA+AGATTGAC,48253
GAACCAAA+AGATTGAC,48253
GTATGCGC+GCGATATA,2
GTATGCGC+GCGATATA,2
GTATGCGC+AGTCGTGC,6
GTATGCGC+AGTCGTGC,6
GTATGCGC+GTATCTGC,9
GTATGCGC+GTATCTGC,9
GTATGCGC+CAAATTCG,4
GTATGCGC+CAAATTCG,4
GTATGCGC+AGATTGAC,47316
GTATGCGC+AGATTGAC,47316
GTATGCGC+AGTTACGA,2
GTATGCGC+AGTTACGA,2
GTACATAC+AGTCGTGC,1
GTACATAC+AGTCGTGC,1
TTACTGTG+AGCTCGCT,5
TTACTGTG+AGCTCGCT,5
GTACATAC+AGATTGAC,3
GTACATAC+AGATTGAC,3
GTACATAC+AGTTACGA,47777
GTACATAC+AGTTACGA,47777
TCCGACAC+GCGATATA,2
TCCGACAC+GCGATATA,2
TCCGACAC+CAAATTCG,14
TCCGACAC+CAAATTCG,14
TCCGACAC+AGATTGAC,9
TCCGACAC+AGATTGAC,9
TCCGACAC+AGTTACGA,10
TCCGACAC+AGTTACGA,10
TCCGACAC+GCATATGC,1019
TCCGACAC+GCATATGC,1019
CCAGTGTA+GCGATATA,12
CCAGTGTA+GCGATATA,12
CCAGTGTA+AGTCGTGC,10
CCAGTGTA+AGTCGTGC,10
CCAGTGTA+GTATCTGC,11
CCAGTGTA+GTATCTGC,11
CCAGTGTA+CGAGGGAA,4
CCAGTGTA+CGAGGGAA,4
CCAGTGTA+CAAATTCG,5
CCAGTGTA+CAAATTCG,5
CCAGTGTA+AGATTGAC,16
CCAGTGTA+AGATTGAC,16
CCAGTGTA+AGTTACGA,8
CCAGTGTA+AGTTACGA,8
CCAGTGTA+GCATATGC,13
CCAGTGTA+GCATATGC,13
CCTCGTTC+GCGATATA,13
CCTCGTTC+GCGATATA,13
CCTCGTTC+CGAGGGAA,12
CCTCGTTC+CGAGGGAA,12
CCTCGTTC+CAAATTCG,11
CCTCGTTC+CAAATTCG,11
CCTCGTTC+AGATTGAC,7
CCTCGTTC+AGATTGAC,7
TGAGTCAC+AGTCGTGC,1
TGAGTCAC+AGTCGTGC,1
TGAGTCAC+GTATCTGC,3
TGAGTCAC+GTATCTGC,3
TGAGTCAC+CGAGGGAA,1
TGAGTCAC+CGAGGGAA,1
TGAGTCAC+AGATTGAC,1
TGAGTCAC+AGATTGAC,1
TGAGTCAC+AGTTACGA,2
TGAGTCAC+AGTTACGA,2
TGAGTCAC+GCATATGC,1
TGAGTCAC+GCATATGC,1
GACTTGGT+GCGATATA,1
GACTTGGT+GCGATATA,1
GACTTGGT+AGTCGTGC,1
GACTTGGT+AGTCGTGC,1
GACTTGGT+CGAGGGAA,3
GACTTGGT+CGAGGGAA,3
GACTTGGT+CAAATTCG,1
GACTTGGT+CAAATTCG,1
AGGCTACA+CGAGCGAT,2
AGGCTACA+CGAGCGAT,2
GACTTGGT+AGATTGAC,1
GACTTGGT+AGATTGAC,1
GACTTGGT+AGTTACGA,1
GACTTGGT+AGTTACGA,1
GACTTGGT+GCATATGC,2
GACTTGGT+GCATATGC,2
TACACGAT+GCGATATA,3
TACACGAT+GCGATATA,3
TACACGAT+AGTCGTGC,1
TACACGAT+AGTCGTGC,1
TACACGAT+GTATCTGC,4
TACACGAT+GTATCTGC,4
TACACGAT+CAAATTCG,1
TACACGAT+CAAATTCG,1
TACACGAT+AGATTGAC,1
TACACGAT+AGATTGAC,1
TACACGAT+AGTTACGA,2
TACACGAT+AGTTACGA,2
TACACGAT+GCATATGC,2
TACACGAT+GCATATGC,2
GCACACAC+AGTCGTGC,1
GCACACAC+AGTCGTGC,1
GCACACAC+CGAGGGAA,2
GCACACAC+CGAGGGAA,2
GCACACAC+CAAATTCG,1
GCACACAC+CAAATTCG,1
GCACACAC+AGATTGAC,1
GCACACAC+AGATTGAC,1
GCACACAC+GCATATGC,1
GCACACAC+GCATATGC,1
CACGCCAT+GCGATATA,10
CACGCCAT+GCGATATA,10
CACGCCAT+AGTCGTGC,2
CACGCCAT+AGTCGTGC,2
CACGCCAT+GTATCTGC,15
CACGCCAT+GTATCTGC,15
CACGCCAT+CGAGGGAA,13
CACGCCAT+CGAGGGAA,13
CACGCCAT+CAAATTCG,16
CACGCCAT+CAAATTCG,16
CACGCCAT+AGATTGAC,10
CACGCCAT+AGATTGAC,10
CACGCCAT+AGTTACGA,10
CACGCCAT+AGTTACGA,10
CACGCCAT+GCATATGC,7
CACGCCAT+GCATATGC,7
CAGGCGTA+GCGATATA,14
CAGGCGTA+GCGATATA,14
CAGGCGTA+AGTCGTGC,12
CAGGCGTA+AGTCGTGC,12
CAGGCGTA+GTATCTGC,4
CAGGCGTA+GTATCTGC,4
CAGGCGTA+CGAGGGAA,9
CAGGCGTA+CGAGGGAA,9
CAGGCGTA+CAAATTCG,10
CAGGCGTA+CAAATTCG,10
CAGGCGTA+AGATTGAC,8
CAGGCGTA+AGATTGAC,8
CAGGCGTA+AGTTACGA,5
CAGGCGTA+AGTTACGA,5
CAGGCGTA+GCATATGC,3
CAGGCGTA+GCATATGC,3
GGATCGCA+GCGATATA,10
GGATCGCA+GCGATATA,10
GGATCGCA+AGTCGTGC,9
GGATCGCA+AGTCGTGC,9
GGATCGCA+GTATCTGC,8
GGATCGCA+GTATCTGC,8
GGATCGCA+CGAGGGAA,11
GGATCGCA+CGAGGGAA,11
GGATCGCA+CAAATTCG,7
GGATCGCA+CAAATTCG,7
GGATCGCA+AGATTGAC,12
GGATCGCA+AGATTGAC,12
GGATCGCA+AGTTACGA,9
GGATCGCA+AGTTACGA,9
GGATCGCA+GCATATGC,8
GGATCGCA+GCATATGC,8
GCTGATGA+GCGATATA,16
GCTGATGA+GCGATATA,16
GCTGATGA+AGTCGTGC,14
GCTGATGA+AGTCGTGC,14
GCTGATGA+GTATCTGC,8
GCTGATGA+GTATCTGC,8
GCTGATGA+CGAGGGAA,21
GCTGATGA+CGAGGGAA,21
GCTGATGA+CAAATTCG,15
GCTGATGA+CAAATTCG,15
GCTGATGA+AGATTGAC,12
GCTGATGA+AGATTGAC,12
GCTGATGA+AGTTACGA,10
GCTGATGA+AGTTACGA,10
AGGCTACA+TCTAGAGA,3
AGGCTACA+TCTAGAGA,3
GCTGATGA+GCATATGC,7
GCTGATGA+GCATATGC,7
AGCTGTTG+GCGATATA,13
AGCTGTTG+GCGATATA,13
AGCTGTTG+AGTCGTGC,11
AGCTGTTG+AGTCGTGC,11
AGCTGTTG+GTATCTGC,14
AGCTGTTG+GTATCTGC,14
AGCTGTTG+CGAGGGAA,12
AGCTGTTG+CGAGGGAA,12
AGCTGTTG+CAAATTCG,10
AGCTGTTG+CAAATTCG,10
AGCTGTTG+AGATTGAC,17
AGCTGTTG+AGATTGAC,17
AGCTGTTG+AGTTACGA,13
AGCTGTTG+AGTTACGA,13
AGCTGTTG+GCATATGC,16
AGCTGTTG+GCATATGC,16
GGATGGTG+GCGATATA,10
GGATGGTG+GCGATATA,10
GGATGGTG+AGTCGTGC,5
GGATGGTG+AGTCGTGC,5
GGATGGTG+GTATCTGC,13
GGATGGTG+GTATCTGC,13
GGATGGTG+CGAGGGAA,10
GGATGGTG+CGAGGGAA,10
GGATGGTG+CAAATTCG,8
GGATGGTG+CAAATTCG,8
GGATGGTG+AGATTGAC,6
GGATGGTG+AGATTGAC,6
GGATGGTG+AGTTACGA,5
GGATGGTG+AGTTACGA,5
TAAGGCGA+CTCTCTAT,2
TAAGGCGA+CTCTCTAT,2
TAAGGCGA+TATCCTCT,29
TAAGGCGA+TATCCTCT,29
TAAGGCGA+GTAAGGAG,1
TAAGGCGA+GTAAGGAG,1
TAAGGCGA+ACTGCATA,3
TAAGGCGA+ACTGCATA,3
TAAGGCGA+AAGGAGTA,2
TAAGGCGA+AAGGAGTA,2
TAAGGCGA+CGTCTAAT,1
TAAGGCGA+CGTCTAAT,1
TAAGGCGA+TCTCTCCG,22
TAAGGCGA+TCTCTCCG,22
CGTACTAG+CTCTCTAT,4
CGTACTAG+CTCTCTAT,4
CGTACTAG+TATCCTCT,7
CGTACTAG+TATCCTCT,7
CGTACTAG+ACTGCATA,2
CGTACTAG+ACTGCATA,2
CGTACTAG+AAGGAGTA,2
CGTACTAG+AAGGAGTA,2
CTAACCTC+CGAGCGAT,1
CTAACCTC+CGAGCGAT,1
CGTACTAG+CTAAGCCT,1
CGTACTAG+CTAAGCCT,1
CGTACTAG+TCTCTCCG,6
CGTACTAG+TCTCTCCG,6
AGGCAGAA+CTCTCTAT,2
AGGCAGAA+CTCTCTAT,2
AGGCAGAA+TATCCTCT,6
AGGCAGAA+TATCCTCT,6
AGGCAGAA+ACTGCATA,1
AGGCAGAA+ACTGCATA,1
AGGCAGAA+AAGGAGTA,1
AGGCAGAA+AAGGAGTA,1
AGGCAGAA+CTAAGCCT,5
AGGCAGAA+CTAAGCCT,5
AGGCAGAA+CGTCTAAT,2
AGGCAGAA+CGTCTAAT,2
AGGCAGAA+TCTCTCCG,1
AGGCAGAA+TCTCTCCG,1
TCCTGAGC+TATCCTCT,33
TCCTGAGC+TATCCTCT,33
TCCTGAGC+GTAAGGAG,7
TCCTGAGC+GTAAGGAG,7
TCCTGAGC+ACTGCATA,3
TCCTGAGC+ACTGCATA,3
TCCTGAGC+AAGGAGTA,1
TCCTGAGC+AAGGAGTA,1
TCCTGAGC+TCTCTCCG,14
TCCTGAGC+TCTCTCCG,14
GGACTCCT+TATCCTCT,9
GGACTCCT+TATCCTCT,9
GGACTCCT+GTAAGGAG,2
GGACTCCT+GTAAGGAG,2
GGACTCCT+ACTGCATA,2
GGACTCCT+ACTGCATA,2
GGACTCCT+AAGGAGTA,1
GGACTCCT+AAGGAGTA,1
GGACTCCT+CTAAGCCT,1
GGACTCCT+CTAAGCCT,1
GGACTCCT+TCTCTCCG,7
GGACTCCT+TCTCTCCG,7
TAGGCATG+CTCTCTAT,1
TAGGCATG+CTCTCTAT,1
TAGGCATG+TATCCTCT,11
TAGGCATG+TATCCTCT,11
TAGGCATG+GTAAGGAG,4
TAGGCATG+GTAAGGAG,4
TAGGCATG+ACTGCATA,4
TAGGCATG+ACTGCATA,4
TAGGCATG+AAGGAGTA,1
TAGGCATG+AAGGAGTA,1
TAGGCATG+CTAAGCCT,2
TAGGCATG+CTAAGCCT,2
TAGGCATG+TCTCTCCG,17
TAGGCATG+TCTCTCCG,17
CTCTCTAC+CTCTCTAT,2
CTCTCTAC+CTCTCTAT,2
CTCTCTAC+TATCCTCT,11
CTCTCTAC+TATCCTCT,11
CTCTCTAC+GTAAGGAG,4
CTCTCTAC+GTAAGGAG,4
CTCTCTAC+ACTGCATA,6
CTCTCTAC+ACTGCATA,6
CTCTCTAC+AAGGAGTA,4
CTCTCTAC+AAGGAGTA,4
CTCTCTAC+CTAAGCCT,4
CTCTCTAC+CTAAGCCT,4
CTCTCTAC+TCTCTCCG,23
CTCTCTAC+TCTCTCCG,23
CGAGGCTG+TATCCTCT,4
CGAGGCTG+TATCCTCT,4
CGAGGCTG+GTAAGGAG,2
CGAGGCTG+GTAAGGAG,2
CGAGGCTG+ACTGCATA,1
CGAGGCTG+ACTGCATA,1
CGAGGCTG+AAGGAGTA,1
CGAGGCTG+AAGGAGTA,1
CGAGGCTG+CGTCTAAT,1
CGAGGCTG+CGTCTAAT,1
CTAACCTC+TCTAGAGA,2
CTAACCTC+TCTAGAGA,2
CGAGGCTG+TCTCTCCG,8
CGAGGCTG+TCTCTCCG,8
AAGAGGCA+CTCTCTAT,1
AAGAGGCA+CTCTCTAT,1
AAGAGGCA+TATCCTCT,1
AAGAGGCA+TATCCTCT,1
AAGAGGCA+GTAAGGAG,3
AAGAGGCA+GTAAGGAG,3
AAGAGGCA+ACTGCATA,2
AAGAGGCA+ACTGCATA,2
AAGAGGCA+AAGGAGTA,1
AAGAGGCA+AAGGAGTA,1
AAGAGGCA+CTAAGCCT,3
AAGAGGCA+CTAAGCCT,3
AAGAGGCA+CGTCTAAT,2
AAGAGGCA+CGTCTAAT,2
AAGAGGCA+TCTCTCCG,16
AAGAGGCA+TCTCTCCG,16
GTAGAGGA+TATCCTCT,2
GTAGAGGA+TATCCTCT,2
GTAGAGGA+AAGGAGTA,1
GTAGAGGA+AAGGAGTA,1
GTAGAGGA+CTAAGCCT,1
GTAGAGGA+CTAAGCCT,1
GTAGAGGA+CGTCTAAT,2
GTAGAGGA+CGTCTAAT,2
GTAGAGGA+TCTCTCCG,2
GTAGAGGA+TCTCTCCG,2
GCTCATGA+CTCTCTAT,4
GCTCATGA+CTCTCTAT,4
GCTCATGA+GTAAGGAG,2
GCTCATGA+GTAAGGAG,2
GAACCAAA+GAGCTCTC,2
GAACCAAA+GAGCTCTC,2
GCTCATGA+ACTGCATA,1
GCTCATGA+ACTGCATA,1
GCTCATGA+CTAAGCCT,3
GCTCATGA+CTAAGCCT,3
GCTCATGA+CGTCTAAT,1
GCTCATGA+CGTCTAAT,1
GCTCATGA+TCTCTCCG,39
GCTCATGA+TCTCTCCG,39
GAACCAAA+CGAGCGAT,2
GAACCAAA+CGAGCGAT,2
TAAGGCGA+TCGACTAG,50152
TAAGGCGA+TCGACTAG,50152
TAAGGCGA+TTCTAGCT,9837
TAAGGCGA+TTCTAGCT,9837
TAAGGCGA+CCTAGAGT,20242
TAAGGCGA+CCTAGAGT,20242
TAAGGCGA+GCGTAAGA,23058
TAAGGCGA+GCGTAAGA,23058
TAAGGCGA+CTATTAAG,53916
TAAGGCGA+CTATTAAG,53916
TAAGGCGA+AAGGCTAT,81008
TAAGGCGA+AAGGCTAT,81008
TAAGGCGA+GAGCCTTA,37530
TAAGGCGA+GAGCCTTA,37530
TAAGGCGA+TTATGCGA,60090
TAAGGCGA+TTATGCGA,60090
CGTACTAG+TCGACTAG,13370
CGTACTAG+TCGACTAG,13370
CGTACTAG+TTCTAGCT,55493
CGTACTAG+TTCTAGCT,55493
CGTACTAG+CCTAGAGT,107478
CGTACTAG+CCTAGAGT,107478
CGTACTAG+GCGTAAGA,18809
CGTACTAG+GCGTAAGA,18809
CGTACTAG+CTATTAAG,23494
CGTACTAG+CTATTAAG,23494
CGTACTAG+AAGGCTAT,19464
CGTACTAG+AAGGCTAT,19464
CGTACTAG+GAGCCTTA,35213
CGTACTAG+GAGCCTTA,35213
CGTACTAG+TTATGCGA,29674
CGTACTAG+TTATGCGA,29674
AGGCAGAA+TCGACTAG,6297
AGGCAGAA+TCGACTAG,6297
AGGCAGAA+TTCTAGCT,54881
AGGCAGAA+TTCTAGCT,54881
AGGCAGAA+CCTAGAGT,43894
AGGCAGAA+CCTAGAGT,43894
AGGCAGAA+GCGTAAGA,7392
AGGCAGAA+GCGTAAGA,7392
AGGCAGAA+CTATTAAG,15546
AGGCAGAA+CTATTAAG,15546
AGGCAGAA+AAGGCTAT,23343
AGGCAGAA+AAGGCTAT,23343
AGGCAGAA+GAGCCTTA,15150
AGGCAGAA+GAGCCTTA,15150
AGGCAGAA+TTATGCGA,18469
AGGCAGAA+TTATGCGA,18469
TCCTGAGC+TCGACTAG,47730
TCCTGAGC+TCGACTAG,47730
TCCTGAGC+TTCTAGCT,14827
TCCTGAGC+TTCTAGCT,14827
TCCTGAGC+CCTAGAGT,5257
TCCTGAGC+CCTAGAGT,5257
TCCTGAGC+GCGTAAGA,46657
TCCTGAGC+GCGTAAGA,46657
TCCTGAGC+CTATTAAG,89057
TCCTGAGC+CTATTAAG,89057
TCCTGAGC+AAGGCTAT,13157
TCCTGAGC+AAGGCTAT,13157
TCCTGAGC+GAGCCTTA,47074
TCCTGAGC+GAGCCTTA,47074
TCCTGAGC+TTATGCGA,48701
TCCTGAGC+TTATGCGA,48701
GGACTCCT+TCGACTAG,18178
GGACTCCT+TCGACTAG,18178
GGACTCCT+TTCTAGCT,20735
GGACTCCT+TTCTAGCT,20735
GGACTCCT+CCTAGAGT,13341
GGACTCCT+CCTAGAGT,13341
GGACTCCT+GCGTAAGA,6515
GGACTCCT+GCGTAAGA,6515
GGACTCCT+CTATTAAG,10809
GGACTCCT+CTATTAAG,10809
GGACTCCT+AAGGCTAT,26592
GGACTCCT+AAGGCTAT,26592
GGACTCCT+GAGCCTTA,13163
GGACTCCT+GAGCCTTA,13163
GGACTCCT+TTATGCGA,62818
GGACTCCT+TTATGCGA,62818
TAGGCATG+TCGACTAG,49238
TAGGCATG+TCGACTAG,49238
TAGGCATG+TTCTAGCT,11255
TAGGCATG+TTCTAGCT,11255
TAGGCATG+CCTAGAGT,8632
TAGGCATG+CCTAGAGT,8632
TAGGCATG+GCGTAAGA,17461
TAGGCATG+GCGTAAGA,17461
TAGGCATG+CTATTAAG,35888
TAGGCATG+CTATTAAG,35888
TAGGCATG+AAGGCTAT,11529
TAGGCATG+AAGGCTAT,11529
TAGGCATG+GAGCCTTA,53289
TAGGCATG+GAGCCTTA,53289
TAGGCATG+TTATGCGA,66291
TAGGCATG+TTATGCGA,66291
CTCTCTAC+TCGACTAG,52027
CTCTCTAC+TCGACTAG,52027
CTCTCTAC+TTCTAGCT,60176
CTCTCTAC+TTCTAGCT,60176
CTCTCTAC+CCTAGAGT,37113
CTCTCTAC+CCTAGAGT,37113
CTCTCTAC+GCGTAAGA,24398
CTCTCTAC+GCGTAAGA,24398
CTCTCTAC+CTATTAAG,97117
CTCTCTAC+CTATTAAG,97117
CTCTCTAC+AAGGCTAT,55942
CTCTCTAC+AAGGCTAT,55942
CTCTCTAC+GAGCCTTA,71887
CTCTCTAC+GAGCCTTA,71887
CTCTCTAC+TTATGCGA,33585
CTCTCTAC+TTATGCGA,33585
CGAGGCTG+TCGACTAG,25907
CGAGGCTG+TCGACTAG,25907
CGAGGCTG+TTCTAGCT,16482
CGAGGCTG+TTCTAGCT,16482
CGAGGCTG+CCTAGAGT,56816
CGAGGCTG+CCTAGAGT,56816
CGAGGCTG+GCGTAAGA,53360
CGAGGCTG+GCGTAAGA,53360
CGAGGCTG+CTATTAAG,10537
CGAGGCTG+CTATTAAG,10537
CGAGGCTG+AAGGCTAT,28956
CGAGGCTG+AAGGCTAT,28956
CGAGGCTG+GAGCCTTA,24540
CGAGGCTG+GAGCCTTA,24540
CGAGGCTG+TTATGCGA,6110
CGAGGCTG+TTATGCGA,6110
AAGAGGCA+TCGACTAG,25964
AAGAGGCA+TCGACTAG,25964
AAGAGGCA+TTCTAGCT,54900
AAGAGGCA+TTCTAGCT,54900
AAGAGGCA+CCTAGAGT,23505
AAGAGGCA+CCTAGAGT,23505
GTATGCGC+GAGCTCTC,51444
GTATGCGC+GAGCTCTC,51444
AAGAGGCA+GCGTAAGA,23795
AAGAGGCA+GCGTAAGA,23795
AAGAGGCA+CTATTAAG,50402
AAGAGGCA+CTATTAAG,50402
AAGAGGCA+AAGGCTAT,31107
AAGAGGCA+AAGGCTAT,31107
AAGAGGCA+GAGCCTTA,23480
AAGAGGCA+GAGCCTTA,23480
AAGAGGCA+TTATGCGA,27541
AAGAGGCA+TTATGCGA,27541
GTAGAGGA+TCGACTAG,34863
GTAGAGGA+TCGACTAG,34863
GTAGAGGA+TTCTAGCT,28830
GTAGAGGA+TTCTAGCT,28830
GTAGAGGA+CCTAGAGT,45429
GTAGAGGA+CCTAGAGT,45429
GTAGAGGA+GCGTAAGA,19112
GTAGAGGA+GCGTAAGA,19112
GTAGAGGA+CTATTAAG,68698
GTAGAGGA+CTATTAAG,68698
GTATGCGC+CGAGCGAT,54809
GTATGCGC+CGAGCGAT,54809
GTAGAGGA+AAGGCTAT,24500
GTAGAGGA+AAGGCTAT,24500
GTAGAGGA+GAGCCTTA,10533
GTAGAGGA+GAGCCTTA,10533
GTAGAGGA+TTATGCGA,21049
GTAGAGGA+TTATGCGA,21049
GCTCATGA+TCGACTAG,71957
GCTCATGA+TCGACTAG,71957
GCTCATGA+TTCTAGCT,21663
GCTCATGA+TTCTAGCT,21663
GCTCATGA+CCTAGAGT,108503
GCTCATGA+CCTAGAGT,108503
GCTCATGA+GCGTAAGA,4664
GCTCATGA+GCGTAAGA,4664
GCTCATGA+CTATTAAG,62640
GCTCATGA+CTATTAAG,62640
GCTCATGA+AAGGCTAT,48743
GCTCATGA+AAGGCTAT,48743
GCTCATGA+GAGCCTTA,6
GCTCATGA+GAGCCTTA,6
GTATGCGC+TAGCGAGC,544
GTATGCGC+TAGCGAGC,544
GCTCATGA+TTATGCGA,8
GCTCATGA+TTATGCGA,8
ATCTCAGG+TCGACTAG,1
ATCTCAGG+TCGACTAG,1
ATCTCAGG+TTCTAGCT,2
ATCTCAGG+TTCTAGCT,2
ATCTCAGG+CCTAGAGT,1
ATCTCAGG+CCTAGAGT,1
ACTCGCTA+CTCTCTAT,2
ACTCGCTA+CTCTCTAT,2
ACTCGCTA+ACTGCATA,1
ACTCGCTA+ACTGCATA,1
ACTCGCTA+AAGGAGTA,2
ACTCGCTA+AAGGAGTA,2
GGAGCTAC+CTCTCTAT,1
GGAGCTAC+CTCTCTAT,1
GGAGCTAC+TATCCTCT,4
GGAGCTAC+TATCCTCT,4
GCGTAGTA+CTCTCTAT,3
GCGTAGTA+CTCTCTAT,3
GCGTAGTA+TATCCTCT,3
GCGTAGTA+TATCCTCT,3
GCGTAGTA+GTAAGGAG,8
GCGTAGTA+GTAAGGAG,8
GCGTAGTA+ACTGCATA,8
GCGTAGTA+ACTGCATA,8
GCGTAGTA+CTAAGCCT,1
GCGTAGTA+CTAAGCCT,1
GCGTAGTA+TCTCTCCG,1
GCGTAGTA+TCTCTCCG,1
CGGAGCCT+CTCTCTAT,2
CGGAGCCT+CTCTCTAT,2
CGGAGCCT+TATCCTCT,8
CGGAGCCT+TATCCTCT,8
CGGAGCCT+GTAAGGAG,1
CGGAGCCT+GTAAGGAG,1
CGGAGCCT+AAGGAGTA,2
CGGAGCCT+AAGGAGTA,2
CGGAGCCT+CTAAGCCT,1
CGGAGCCT+CTAAGCCT,1
GGAGACAA+TCTAGAGA,3
GGAGACAA+TCTAGAGA,3
TACGCTGC+CTCTCTAT,2
TACGCTGC+CTCTCTAT,2
TACGCTGC+TATCCTCT,6
TACGCTGC+TATCCTCT,6
TACGCTGC+GTAAGGAG,3
TACGCTGC+GTAAGGAG,3
TACGCTGC+ACTGCATA,2
TACGCTGC+ACTGCATA,2
TACGCTGC+AAGGAGTA,5
TACGCTGC+AAGGAGTA,5
TACGCTGC+CGTCTAAT,1
TACGCTGC+CGTCTAAT,1
TACGCTGC+TCTCTCCG,2
TACGCTGC+TCTCTCCG,2
ATGCGCAG+CTCTCTAT,10
ATGCGCAG+CTCTCTAT,10
ATGCGCAG+TATCCTCT,19
ATGCGCAG+TATCCTCT,19
ATGCGCAG+GTAAGGAG,16
ATGCGCAG+GTAAGGAG,16
ATGCGCAG+ACTGCATA,1
ATGCGCAG+ACTGCATA,1
ATGCGCAG+AAGGAGTA,7
ATGCGCAG+AAGGAGTA,7
ATGCGCAG+CTAAGCCT,5
ATGCGCAG+CTAAGCCT,5
ATGCGCAG+TCTCTCCG,1
ATGCGCAG+TCTCTCCG,1
TAGCGCTC+CTCTCTAT,109299
TAGCGCTC+CTCTCTAT,109299
TAGCGCTC+TATCCTCT,360
TAGCGCTC+TATCCTCT,360
TAGCGCTC+GTAAGGAG,120389
TAGCGCTC+GTAAGGAG,120389
TAGCGCTC+ACTGCATA,287
TAGCGCTC+ACTGCATA,287
TAGCGCTC+AAGGAGTA,83782
TAGCGCTC+AAGGAGTA,83782
TAGCGCTC+CTAAGCCT,88126
TAGCGCTC+CTAAGCCT,88126
TAGCGCTC+CGTCTAAT,910
TAGCGCTC+CGTCTAAT,910
TAGCGCTC+TCTCTCCG,14316
TAGCGCTC+TCTCTCCG,14316
ACTGAGCG+CTCTCTAT,488
ACTGAGCG+CTCTCTAT,488
ACTGAGCG+TATCCTCT,3
ACTGAGCG+TATCCTCT,3
ACTGAGCG+GTAAGGAG,1
ACTGAGCG+GTAAGGAG,1
ACTGAGCG+ACTGCATA,1
ACTGAGCG+ACTGCATA,1
GTACATAC+CGAGCGAT,1
GTACATAC+CGAGCGAT,1
CCTAAGAC+CTCTCTAT,1
CCTAAGAC+CTCTCTAT,1
CCTAAGAC+TATCCTCT,10
CCTAAGAC+TATCCTCT,10
CCTAAGAC+GTAAGGAG,1
CCTAAGAC+GTAAGGAG,1
GTACATAC+TAGCGAGC,1
GTACATAC+TAGCGAGC,1
CGATCAGT+CTCTCTAT,2
CGATCAGT+CTCTCTAT,2
CGATCAGT+TATCCTCT,3
CGATCAGT+TATCCTCT,3
CGATCAGT+ACTGCATA,1
CGATCAGT+ACTGCATA,1
CGATCAGT+CTAAGCCT,1
CGATCAGT+CTAAGCCT,1
TGCAGCTA+CTCTCTAT,10
TGCAGCTA+CTCTCTAT,10
TGCAGCTA+TATCCTCT,10
TGCAGCTA+TATCCTCT,10
TGCAGCTA+GTAAGGAG,11
TGCAGCTA+GTAAGGAG,11
TGCAGCTA+ACTGCATA,5
TGCAGCTA+ACTGCATA,5
TCGACGTC+CTCTCTAT,39308
TCGACGTC+CTCTCTAT,39308
TCGACGTC+TATCCTCT,36790
TCGACGTC+TATCCTCT,36790
TCGACGTC+GTAAGGAG,35401
TCGACGTC+GTAAGGAG,35401
TCGACGTC+ACTGCATA,43782
TCGACGTC+ACTGCATA,43782
TCGACGTC+AAGGAGTA,4
TCGACGTC+AAGGAGTA,4
ACTCGCTA+TCGACTAG,14
ACTCGCTA+TCGACTAG,14
ACTCGCTA+TTCTAGCT,9
ACTCGCTA+TTCTAGCT,9
ACTCGCTA+CCTAGAGT,25
ACTCGCTA+CCTAGAGT,25
ACTCGCTA+GCGTAAGA,10
ACTCGCTA+GCGTAAGA,10
ACTCGCTA+CTATTAAG,21
ACTCGCTA+CTATTAAG,21
ACTCGCTA+AAGGCTAT,26
ACTCGCTA+AAGGCTAT,26
ACTCGCTA+GAGCCTTA,16
ACTCGCTA+GAGCCTTA,16
GGAGCTAC+TCGACTAG,20
GGAGCTAC+TCGACTAG,20
GGAGCTAC+TTCTAGCT,20
GGAGCTAC+TTCTAGCT,20
GGAGCTAC+CCTAGAGT,24
GGAGCTAC+CCTAGAGT,24
GGAGCTAC+GCGTAAGA,20
GGAGCTAC+GCGTAAGA,20
GGAGCTAC+CTATTAAG,23
GGAGCTAC+CTATTAAG,23
GGAGCTAC+AAGGCTAT,25
GGAGCTAC+AAGGCTAT,25
GGAGCTAC+GAGCCTTA,12
GGAGCTAC+GAGCCTTA,12
GGAGCTAC+TTATGCGA,31
GGAGCTAC+TTATGCGA,31
GCGTAGTA+TCGACTAG,19
GCGTAGTA+TCGACTAG,19
GCGTAGTA+TTCTAGCT,17
GCGTAGTA+TTCTAGCT,17
GCGTAGTA+CCTAGAGT,24
GCGTAGTA+CCTAGAGT,24
GCGTAGTA+GCGTAAGA,11
GCGTAGTA+GCGTAAGA,11
GCGTAGTA+CTATTAAG,32
GCGTAGTA+CTATTAAG,32
GCGTAGTA+AAGGCTAT,23
GCGTAGTA+AAGGCTAT,23
GCGTAGTA+GAGCCTTA,6
GCGTAGTA+GAGCCTTA,6
GCGTAGTA+TTATGCGA,26
GCGTAGTA+TTATGCGA,26
CGGAGCCT+TCGACTAG,43
CGGAGCCT+TCGACTAG,43
CGGAGCCT+TTCTAGCT,46
CGGAGCCT+TTCTAGCT,46
CGGAGCCT+CCTAGAGT,39
CGGAGCCT+CCTAGAGT,39
CGGAGCCT+GCGTAAGA,20
CGGAGCCT+GCGTAAGA,20
CGGAGCCT+CTATTAAG,34
CGGAGCCT+CTATTAAG,34
CGGAGCCT+AAGGCTAT,22
CGGAGCCT+AAGGCTAT,22
CGGAGCCT+GAGCCTTA,23
CGGAGCCT+GAGCCTTA,23
CGGAGCCT+TTATGCGA,40
CGGAGCCT+TTATGCGA,40
TACGCTGC+TCGACTAG,34
TACGCTGC+TCGACTAG,34
TACGCTGC+TTCTAGCT,25
TACGCTGC+TTCTAGCT,25
TACGCTGC+CCTAGAGT,36
TACGCTGC+CCTAGAGT,36
GGAGACAA+CTCGATCG,15
GGAGACAA+CTCGATCG,15
TACGCTGC+GCGTAAGA,22
TACGCTGC+GCGTAAGA,22
TACGCTGC+CTATTAAG,32
TACGCTGC+CTATTAAG,32
TACGCTGC+AAGGCTAT,38
TACGCTGC+AAGGCTAT,38
TACGCTGC+GAGCCTTA,20
TACGCTGC+GAGCCTTA,20
TACGCTGC+TTATGCGA,41
TACGCTGC+TTATGCGA,41
ATGCGCAG+TCGACTAG,18
ATGCGCAG+TCGACTAG,18
ATGCGCAG+TTCTAGCT,63
ATGCGCAG+TTCTAGCT,63
ATGCGCAG+CCTAGAGT,39
ATGCGCAG+CCTAGAGT,39
ATGCGCAG+GCGTAAGA,9
ATGCGCAG+GCGTAAGA,9
ATGCGCAG+CTATTAAG,31
ATGCGCAG+CTATTAAG,31
ATGCGCAG+AAGGCTAT,19
ATGCGCAG+AAGGCTAT,19
ATGCGCAG+GAGCCTTA,27
ATGCGCAG+GAGCCTTA,27
ATGCGCAG+TTATGCGA,26
ATGCGCAG+TTATGCGA,26
TAGCGCTC+TCGACTAG,18
TAGCGCTC+TCGACTAG,18
TAGCGCTC+TTCTAGCT,38
TAGCGCTC+TTCTAGCT,38
TAGCGCTC+CCTAGAGT,37
TAGCGCTC+CCTAGAGT,37
TAGCGCTC+GCGTAAGA,29
TAGCGCTC+GCGTAAGA,29
TAGCGCTC+CTATTAAG,28
TAGCGCTC+CTATTAAG,28
TAGCGCTC+AAGGCTAT,19
TAGCGCTC+AAGGCTAT,19
TAGCGCTC+GAGCCTTA,30
TAGCGCTC+GAGCCTTA,30
TAGCGCTC+TTATGCGA,49
TAGCGCTC+TTATGCGA,49
ACTGAGCG+TCGACTAG,33
ACTGAGCG+TCGACTAG,33
ACTGAGCG+TTCTAGCT,26
ACTGAGCG+TTCTAGCT,26
ACTGAGCG+CCTAGAGT,33
ACTGAGCG+CCTAGAGT,33
ACTGAGCG+GCGTAAGA,16
ACTGAGCG+GCGTAAGA,16
ACTGAGCG+CTATTAAG,28
ACTGAGCG+CTATTAAG,28
ACTGAGCG+AAGGCTAT,35
ACTGAGCG+AAGGCTAT,35
ACTGAGCG+GAGCCTTA,25
ACTGAGCG+GAGCCTTA,25
ACTGAGCG+TTATGCGA,36
ACTGAGCG+TTATGCGA,36
CCTAAGAC+TCGACTAG,27
CCTAAGAC+TCGACTAG,27
CCTAAGAC+TTCTAGCT,36
CCTAAGAC+TTCTAGCT,36
CCTAAGAC+CCTAGAGT,22
CCTAAGAC+CCTAGAGT,22
CCTAAGAC+GCGTAAGA,11
CCTAAGAC+GCGTAAGA,11
CCTAAGAC+CTATTAAG,17
CCTAAGAC+CTATTAAG,17
CCTAAGAC+AAGGCTAT,14
CCTAAGAC+AAGGCTAT,14
CCTAAGAC+GAGCCTTA,6
CCTAAGAC+GAGCCTTA,6
CCTAAGAC+TTATGCGA,26
CCTAAGAC+TTATGCGA,26
CGATCAGT+TCGACTAG,5
CGATCAGT+TCGACTAG,5
CGATCAGT+TTCTAGCT,4
CGATCAGT+TTCTAGCT,4
CGATCAGT+CCTAGAGT,3
CGATCAGT+CCTAGAGT,3
CGATCAGT+GCGTAAGA,1
CGATCAGT+GCGTAAGA,1
CGATCAGT+CTATTAAG,3
CGATCAGT+CTATTAAG,3
CGATCAGT+AAGGCTAT,2
CGATCAGT+AAGGCTAT,2
CGATCAGT+GAGCCTTA,2
CGATCAGT+GAGCCTTA,2
CGATCAGT+TTATGCGA,2
CGATCAGT+TTATGCGA,2
TGCAGCTA+TTCTAGCT,1
TGCAGCTA+TTCTAGCT,1
TGCAGCTA+CCTAGAGT,2
TGCAGCTA+CCTAGAGT,2
TGCAGCTA+GCGTAAGA,1
TGCAGCTA+GCGTAAGA,1
TGCAGCTA+CTATTAAG,2
TGCAGCTA+CTATTAAG,2
TCGACGTC+TCGACTAG,2
TCGACGTC+TCGACTAG,2
TCGACGTC+CCTAGAGT,3
TCGACGTC+CCTAGAGT,3
TCGACGTC+GCGTAAGA,1
TCGACGTC+GCGTAAGA,1
TCGACGTC+CTATTAAG,6
TCGACGTC+CTATTAAG,6
TCGACGTC+AAGGCTAT,2
TCGACGTC+AAGGCTAT,2
TCGACGTC+GAGCCTTA,4
TCGACGTC+GAGCCTTA,4
TCGACGTC+TTATGCGA,6
TCGACGTC+TTATGCGA,6
TAAGGCGA+TGAACCTT,34115
TAAGGCGA+TGAACCTT,34115
TAAGGCGA+TGCTAAGT,31226
TAAGGCGA+TGCTAAGT,31226
TAAGGCGA+TGTTCTCT,34605
TAAGGCGA+TGTTCTCT,34605
TAAGGCGA+TAAGACAC,21556
TAAGGCGA+TAAGACAC,21556
TAAGGCGA+CTAATCGA,33243
TAAGGCGA+CTAATCGA,33243
TAAGGCGA+CTAGAACA,46505
TAAGGCGA+CTAGAACA,46505
TAAGGCGA+TAAGTTCC,28441
TAAGGCGA+TAAGTTCC,28441
TAAGGCGA+TAGACCTA,38295
TAAGGCGA+TAGACCTA,38295
CGTACTAG+TGAACCTT,51866
CGTACTAG+TGAACCTT,51866
CGTACTAG+TGCTAAGT,46939
CGTACTAG+TGCTAAGT,46939
CGTACTAG+TGTTCTCT,42974
CGTACTAG+TGTTCTCT,42974
CGTACTAG+TAAGACAC,34902
CGTACTAG+TAAGACAC,34902
CGTACTAG+CTAATCGA,2517
CGTACTAG+CTAATCGA,2517
CGTACTAG+CTAGAACA,54285
CGTACTAG+CTAGAACA,54285
CGTACTAG+TAAGTTCC,37997
CGTACTAG+TAAGTTCC,37997
CGTACTAG+TAGACCTA,45617
CGTACTAG+TAGACCTA,45617
AGGCAGAA+TGAACCTT,50100
AGGCAGAA+TGAACCTT,50100
AGGCAGAA+TGCTAAGT,9229
AGGCAGAA+TGCTAAGT,9229
AGGCAGAA+TGTTCTCT,51033
AGGCAGAA+TGTTCTCT,51033
CCAGTGTA+GAGCTCTC,8
CCAGTGTA+GAGCTCTC,8
AGGCAGAA+TAAGACAC,40737
AGGCAGAA+TAAGACAC,40737
AGGCAGAA+CTAATCGA,5001
AGGCAGAA+CTAATCGA,5001
AGGCAGAA+CTAGAACA,5654
AGGCAGAA+CTAGAACA,5654
AGGCAGAA+TAAGTTCC,43139
AGGCAGAA+TAAGTTCC,43139
AGGCAGAA+TAGACCTA,53365
AGGCAGAA+TAGACCTA,53365
TCCTGAGC+TGAACCTT,60158
TCCTGAGC+TGAACCTT,60158
TCCTGAGC+TGCTAAGT,51620
TCCTGAGC+TGCTAAGT,51620
TCCTGAGC+TGTTCTCT,66367
TCCTGAGC+TGTTCTCT,66367
TCCTGAGC+TAAGACAC,37697
TCCTGAGC+TAAGACAC,37697
TCCTGAGC+CTAATCGA,52331
TCCTGAGC+CTAATCGA,52331
CCAGTGTA+CGAGCGAT,13
CCAGTGTA+CGAGCGAT,13
TCCTGAGC+CTAGAACA,53983
TCCTGAGC+CTAGAACA,53983
TCCTGAGC+TAAGTTCC,27115
TCCTGAGC+TAAGTTCC,27115
TCCTGAGC+TAGACCTA,47571
TCCTGAGC+TAGACCTA,47571
GGACTCCT+TGAACCTT,53394
GGACTCCT+TGAACCTT,53394
GGACTCCT+TGCTAAGT,5050
GGACTCCT+TGCTAAGT,5050
GGACTCCT+TGTTCTCT,49510
GGACTCCT+TGTTCTCT,49510
GGACTCCT+TAAGACAC,30328
GGACTCCT+TAAGACAC,30328
GGACTCCT+CTAATCGA,40774
GGACTCCT+CTAATCGA,40774
GGACTCCT+CTAGAACA,33708
GGACTCCT+CTAGAACA,33708
GGACTCCT+TAAGTTCC,47074
GGACTCCT+TAAGTTCC,47074
CCAGTGTA+TAGCGAGC,7
CCAGTGTA+TAGCGAGC,7
AATCAGTC+GAGCTCTC,1
AATCAGTC+GAGCTCTC,1
